Hour,  A01,  A02,  A03,  A04,  A05,  A06,  A07,  A08,  A09,  A10,  A11,  A12,  B01,  B02,  B03,  B04,  B05,  B06,  B07,  B08,  B09,  B10,  B11,  B12,  C01,  C02,  C03,  C04,  C05,  C06,  C07,  C08,  C09,  C10,  C11,  C12,  D01,  D02,  D03,  D04,  D05,  D06,  D07,  D08,  D09,  D10,  D11,  D12,  E01,  E02,  E03,  E04,  E05,  E06,  E07,  E08,  E09,  E10,  E11,  E12,  F01,  F02,  F03,  F04,  F05,  F06,  F07,  F08,  F09,  F10,  F11,  F12,  G01,  G02,  G03,  G04,  G05,  G06,  G07,  G08,  G09,  G10,  G11,  G12,  H01,  H02,  H03,  H04,  H05,  H06,  H07,  H08,  H09,  H10,  H11,  H12
0,11,11,11,11,11,11,11,11,11,11,11,14,11,11,11,11,11,11,11,15,11,11,11,14,11,11,11,21,11,11,11,11,11,11,11,11,11,11,11,11,11,11,11,11,11,11,11,12,11,11,11,11,11,11,11,11,11,11,11,11,11,11,11,11,11,11,11,11,11,11,11,14,14,11,11,11,11,11,11,11,11,11,11,18,14,17,12,12,12,40,11,11,11,11,11,20
0.25,11,13,11,11,11,11,11,11,11,11,11,17,11,11,11,11,11,11,11,18,11,11,11,11,11,11,11,29,11,11,11,11,11,11,11,12,11,11,11,11,11,11,11,11,11,11,11,11,11,11,11,11,11,11,11,11,11,11,11,13,12,11,11,11,11,11,11,11,11,11,12,17,14,11,11,11,11,11,11,11,11,11,12,18,14,11,11,17,13,41,13,11,15,16,13,20
0.5,11,12,11,11,11,11,11,11,11,11,11,20,11,11,11,11,11,11,11,19,11,11,11,15,11,11,11,28,11,11,11,11,11,11,11,12,11,11,11,11,11,11,11,11,11,11,11,14,11,11,11,11,11,11,11,11,11,11,11,13,11,11,11,11,11,11,11,11,11,11,11,16,13,11,11,12,11,11,11,11,11,11,11,19,17,16,11,13,14,45,11,11,18,14,15,18
0.75,11,15,11,11,11,11,11,11,11,11,11,17,12,11,11,11,11,11,11,19,11,11,11,11,14,11,11,27,11,11,11,11,11,11,11,15,11,11,11,11,11,11,11,11,11,11,11,13,11,11,11,11,11,11,11,11,11,11,11,14,11,11,11,11,11,11,11,11,11,11,13,17,14,11,11,11,11,11,11,11,11,11,11,18,15,14,11,12,11,42,11,14,16,12,13,24
1,11,16,11,11,11,11,11,11,11,11,11,16,11,11,11,11,11,11,11,22,11,11,11,14,11,11,11,24,11,11,11,11,11,11,11,14,11,11,11,11,11,11,11,11,11,11,11,12,11,11,11,11,11,11,11,11,11,11,11,15,11,11,11,11,11,11,11,11,11,11,11,15,14,11,11,11,11,11,11,11,11,11,11,17,16,15,11,15,11,47,11,13,19,13,13,23
1.25,11,16,11,11,11,11,11,11,11,11,12,18,11,11,11,11,11,11,11,15,11,11,11,13,13,11,11,28,11,11,11,11,11,11,11,15,11,11,11,11,11,11,11,11,11,11,11,14,12,11,11,11,11,11,11,11,11,11,11,14,11,11,11,11,11,11,11,11,11,11,12,18,11,11,11,11,11,11,11,11,11,11,13,15,16,15,11,13,12,43,11,11,11,12,13,23
1.5,11,15,11,11,11,11,11,11,11,11,11,14,11,11,11,11,11,11,11,16,11,11,11,11,11,11,11,28,11,11,11,11,11,11,11,14,11,11,11,11,11,11,11,11,11,11,11,13,13,11,11,11,11,11,11,11,11,11,11,11,11,11,11,11,11,11,11,11,11,11,12,17,16,11,11,11,11,11,11,11,11,11,11,21,15,11,11,11,11,43,11,11,11,11,13,24
1.75,11,13,11,11,11,11,11,11,11,11,11,20,11,11,11,11,11,11,11,16,11,11,11,12,12,11,11,26,11,11,11,11,11,11,11,11,11,11,11,11,11,11,11,11,11,11,11,12,12,11,11,11,11,11,11,11,11,11,11,14,11,11,11,11,11,11,11,11,11,11,13,17,15,11,11,11,11,11,11,11,11,11,12,19,19,11,11,11,11,43,11,12,11,17,16,27
2,11,14,11,11,11,11,11,11,11,11,11,12,11,11,11,11,11,11,11,20,11,11,11,11,11,11,11,30,11,11,11,11,11,11,11,11,11,11,11,11,11,11,11,11,11,11,11,13,11,11,11,11,11,11,11,11,11,11,11,12,11,11,11,11,11,11,11,11,11,11,11,16,15,11,11,11,11,11,11,11,11,11,13,15,16,12,12,14,11,51,11,12,12,13,17,19
2.25,11,25,11,11,11,11,11,11,11,11,11,17,13,11,11,11,11,11,11,22,11,11,11,11,13,11,11,30,11,11,11,11,11,11,11,13,11,11,11,11,11,11,11,11,11,11,11,11,11,11,11,11,11,11,11,11,11,11,11,11,11,11,11,11,11,11,11,11,11,11,12,12,11,11,11,11,11,11,11,11,11,11,11,16,14,12,11,11,11,42,11,11,11,11,13,19
2.5,11,17,11,11,11,11,11,11,11,11,11,16,11,11,11,11,11,11,11,21,11,11,11,13,11,11,11,31,11,11,11,11,11,11,11,14,11,11,11,11,11,11,11,11,11,11,11,14,11,11,11,11,11,11,11,11,11,11,11,12,11,11,11,11,11,11,11,11,11,11,13,15,11,11,11,11,11,11,11,11,11,11,15,18,15,20,13,12,11,45,11,15,15,14,15,23
2.75,11,18,11,11,11,11,11,11,11,11,11,12,11,11,11,11,11,11,11,19,11,11,11,14,11,11,11,32,11,11,11,11,11,11,11,13,11,11,11,11,11,11,11,11,11,11,11,15,11,11,11,11,11,11,11,11,11,11,11,15,11,11,11,11,11,11,11,11,11,11,12,12,14,11,11,11,11,11,11,11,11,11,11,14,17,12,14,11,11,48,11,15,11,14,13,26
3,11,14,11,11,11,11,11,11,11,11,11,16,11,11,11,11,11,11,11,21,11,11,11,11,11,11,11,30,11,11,11,11,11,11,11,11,11,11,11,11,11,11,11,11,11,11,11,11,11,11,11,11,11,11,11,11,11,11,11,11,11,11,11,11,11,11,11,11,11,11,11,17,12,11,11,11,11,11,11,11,11,11,11,17,15,12,13,17,11,50,11,14,11,13,12,21
3.25,11,11,11,11,11,11,11,11,11,11,11,15,11,11,11,11,11,11,11,22,11,11,11,12,11,11,11,29,11,11,11,11,11,11,11,12,11,11,11,11,11,11,11,11,11,11,11,12,11,11,11,11,11,11,11,11,11,11,11,13,11,11,11,11,11,11,11,11,11,11,11,17,11,11,11,11,11,11,11,11,11,11,11,16,15,13,11,11,11,48,11,13,11,13,17,21
3.5,11,16,11,11,11,11,11,11,11,11,11,14,11,11,11,11,11,11,11,21,11,11,11,12,11,11,11,32,11,11,11,11,11,11,11,11,11,11,11,11,11,11,11,11,11,11,11,13,11,11,11,11,11,11,11,11,11,11,11,13,11,11,11,11,11,11,11,11,11,11,11,15,14,11,11,11,11,11,11,11,11,11,11,16,12,11,11,12,13,51,11,17,16,14,14,20
3.75,11,16,11,11,11,11,11,11,11,11,11,13,11,11,11,11,11,11,11,21,11,11,11,11,11,11,11,32,11,11,11,11,11,11,11,11,12,11,11,11,11,11,11,11,11,11,11,15,11,11,11,11,11,11,11,11,11,11,11,11,11,11,11,11,11,11,11,11,11,11,11,13,12,11,11,11,11,11,11,11,11,11,11,19,13,11,11,11,11,48,11,12,12,16,14,22
4,11,20,11,11,11,11,11,11,11,11,11,15,11,11,11,11,11,11,11,23,11,11,11,13,11,11,11,31,11,11,11,11,11,11,11,11,11,11,11,11,11,11,11,11,11,11,11,11,11,11,11,11,11,11,11,11,11,11,11,11,11,11,11,11,11,11,11,11,11,11,11,15,11,11,11,11,11,11,11,11,11,11,11,18,14,13,11,11,12,50,11,13,13,14,15,22
4.25,11,19,11,11,11,11,11,11,11,11,11,13,11,11,11,11,11,11,11,22,11,11,11,13,11,11,11,29,11,11,11,11,11,11,11,13,11,11,11,11,11,11,11,11,11,11,11,11,11,11,11,11,11,11,11,11,11,11,11,13,11,11,11,11,11,11,11,11,11,11,11,13,13,11,11,11,11,11,11,11,11,11,12,18,18,16,11,12,12,52,11,11,11,14,16,19
4.5,11,20,11,11,11,11,11,11,11,11,11,11,11,11,11,11,11,11,11,23,11,11,11,18,13,11,11,34,11,11,11,11,11,11,11,11,11,11,11,11,11,11,11,11,11,11,11,12,11,11,11,11,11,11,11,11,11,11,11,13,11,11,11,11,11,11,11,11,11,11,11,15,15,11,11,11,11,11,11,11,11,11,11,16,14,17,11,14,11,53,11,13,11,16,15,22
4.75,11,17,11,11,11,11,11,11,11,11,11,12,11,11,11,11,11,11,11,22,11,11,11,12,11,11,11,34,11,11,11,11,11,11,11,14,11,11,11,11,11,11,11,11,11,11,11,15,11,11,11,11,11,11,11,11,11,11,11,11,11,11,11,11,11,11,11,11,11,11,11,18,11,11,11,11,11,11,11,11,11,11,11,21,13,11,11,11,11,49,11,13,11,19,12,14
5,11,15,11,11,11,11,11,11,11,11,11,14,11,11,11,11,11,11,11,23,11,11,11,11,15,11,11,32,11,11,11,11,11,11,11,11,11,11,11,11,11,11,11,11,11,11,11,11,11,11,11,11,11,11,11,11,11,11,11,11,11,11,11,11,11,11,11,11,11,11,11,11,13,11,11,11,11,11,11,11,11,11,11,13,11,11,11,11,11,40,11,11,11,11,11,17
5.25,11,20,11,11,11,11,11,11,11,11,11,12,11,11,11,11,11,11,11,23,11,11,11,17,12,11,11,32,11,11,11,11,11,11,11,11,11,11,11,11,11,11,11,11,11,11,11,14,11,11,11,11,11,11,11,11,11,11,11,11,11,11,11,11,11,11,11,11,11,11,11,16,15,13,11,11,11,11,11,11,11,11,11,14,13,13,11,11,11,41,11,15,12,14,14,21
5.5,11,19,11,11,11,11,11,11,11,11,11,11,11,11,11,11,11,11,11,25,11,11,11,16,11,11,11,32,11,11,11,11,11,11,11,14,11,11,11,11,11,11,11,11,11,11,11,12,11,11,11,11,11,11,11,11,11,11,11,12,11,11,11,11,11,11,11,11,11,11,12,15,11,11,11,11,11,11,11,11,11,11,11,17,16,15,12,12,11,49,12,14,13,15,13,18
5.75,11,16,11,11,11,11,11,11,11,11,11,13,11,11,11,11,11,11,11,27,11,11,11,14,11,11,11,36,11,11,11,11,11,11,11,12,11,11,11,11,11,11,11,11,11,11,11,14,11,11,11,11,11,11,11,11,11,11,11,11,11,11,11,11,11,11,11,11,11,12,17,18,13,11,11,11,11,11,11,11,11,11,15,19,16,12,13,11,11,55,11,17,13,11,13,22
6,11,17,11,11,11,11,11,11,11,11,11,15,11,11,11,11,11,11,11,28,11,11,11,12,11,11,11,33,11,11,11,11,11,11,11,13,13,11,11,11,11,11,11,11,11,11,11,13,11,11,11,11,11,11,11,11,11,11,11,12,11,11,11,11,11,11,11,11,11,11,11,19,11,11,11,11,11,11,11,11,11,11,12,22,15,11,11,13,11,50,11,18,11,11,16,23
6.25,11,16,11,11,11,11,11,11,11,11,11,16,11,11,11,11,11,11,11,31,11,11,11,15,11,11,11,32,11,11,11,11,11,11,11,13,11,11,11,11,11,11,11,11,11,11,11,14,11,11,11,11,11,11,11,11,11,11,11,15,11,11,11,11,11,11,11,11,11,11,11,20,15,11,11,11,11,11,11,11,11,11,11,19,13,18,13,13,15,53,11,19,11,11,12,25
6.5,11,19,11,11,11,11,11,11,11,11,11,13,11,11,11,11,11,11,11,24,11,11,11,14,12,11,11,35,11,11,11,11,11,11,11,13,11,11,11,11,11,11,11,11,11,11,11,13,11,11,11,11,11,11,11,11,11,11,11,11,11,11,11,11,11,11,11,11,11,11,11,17,11,11,11,11,11,11,11,11,11,11,11,19,15,15,15,13,13,55,11,22,11,14,15,21
6.75,11,20,11,11,11,11,11,11,11,11,16,16,12,11,11,11,11,11,11,27,11,11,11,14,11,11,11,33,11,11,11,11,11,11,11,12,11,11,11,11,11,11,11,11,11,11,11,14,11,11,11,11,11,11,11,11,11,11,11,12,11,11,11,11,11,11,11,11,11,11,14,13,13,11,11,11,11,11,11,11,11,11,11,15,19,15,14,11,11,55,11,20,11,17,17,20
7,11,20,11,11,11,11,11,11,11,11,12,16,11,11,11,11,11,11,11,30,11,11,11,17,11,11,11,40,11,11,11,11,12,11,11,11,11,11,11,11,11,11,11,11,11,11,14,15,11,11,11,11,11,11,11,11,11,11,11,13,13,11,11,11,11,11,11,11,11,11,16,18,17,11,11,11,11,11,11,11,11,11,11,21,19,16,11,13,11,55,11,20,11,15,18,23
7.25,11,21,11,11,11,11,11,11,11,11,14,11,11,11,11,11,11,11,11,27,11,11,11,14,11,11,11,32,11,11,12,11,11,11,11,15,11,11,11,11,11,11,11,11,11,11,16,12,11,11,11,11,11,11,11,11,11,11,11,13,11,11,11,11,11,11,11,11,11,11,11,18,13,11,11,11,11,11,11,11,11,11,11,20,11,18,11,13,13,55,11,20,14,17,13,18
7.5,11,15,11,11,11,11,11,11,11,11,15,19,11,11,11,11,11,11,11,27,11,11,11,16,12,11,11,34,11,11,11,11,14,11,11,13,11,11,11,11,11,11,11,11,11,11,12,14,11,11,11,11,11,11,11,11,11,11,11,11,11,11,11,11,11,11,11,11,11,11,13,21,14,11,11,11,11,11,11,11,11,11,11,16,15,14,13,13,14,52,11,21,11,19,13,26
7.75,11,21,11,11,11,11,11,11,11,11,16,19,11,11,11,11,11,11,11,24,11,11,11,12,11,11,11,39,11,11,16,15,15,11,11,15,11,11,11,11,11,11,11,11,11,11,16,18,11,11,11,11,11,11,11,11,11,11,11,13,11,12,11,11,11,11,11,11,11,11,11,21,15,12,11,11,11,11,11,11,11,11,11,17,19,18,15,12,13,53,11,24,11,17,15,24
8,17,20,11,11,11,11,11,11,11,11,19,16,11,11,11,11,11,11,11,30,11,11,12,13,17,11,11,36,11,11,17,17,19,11,11,14,11,11,11,11,11,11,11,11,11,11,14,17,11,11,11,11,11,11,11,11,11,11,11,11,11,11,11,11,11,11,11,11,11,11,16,21,18,14,11,11,11,11,11,11,12,11,14,19,20,15,17,13,11,58,11,25,13,19,12,21
8.25,11,20,11,11,11,11,11,11,11,11,24,16,11,11,11,11,11,11,11,31,11,11,11,16,12,11,11,39,11,11,17,11,22,11,11,13,13,11,11,11,14,11,11,11,11,11,13,17,11,11,11,11,11,11,11,11,11,11,11,12,12,15,11,11,11,11,11,11,11,11,13,21,16,11,11,11,11,11,11,11,13,13,11,21,20,18,13,15,13,58,11,28,16,16,16,20
8.5,12,23,11,11,11,11,11,11,11,11,26,19,11,11,11,11,11,11,11,30,11,11,13,15,14,11,11,38,11,11,19,14,29,11,11,18,13,11,11,11,12,11,11,11,11,11,16,14,11,11,11,11,11,11,11,11,11,11,11,21,13,12,11,11,11,11,11,11,11,11,11,23,18,11,11,11,12,11,11,11,13,11,11,25,22,15,11,12,15,57,11,27,11,16,16,27
8.75,18,21,11,11,11,11,11,11,11,11,28,16,11,11,11,11,11,11,11,28,11,11,15,17,13,11,11,39,11,11,24,13,29,11,11,11,11,11,11,11,11,11,11,11,11,11,16,15,11,11,11,11,11,11,11,11,11,11,11,17,11,15,11,11,11,11,11,11,11,11,13,20,18,11,11,13,11,11,13,11,11,14,11,20,20,20,11,11,21,58,11,28,13,20,15,25
9,13,26,11,11,11,11,11,11,11,11,32,19,11,11,11,11,11,11,11,30,11,11,15,19,14,11,11,40,11,11,30,12,35,13,11,17,12,11,11,11,14,13,11,11,11,11,22,16,13,15,11,11,11,11,11,11,11,11,11,19,13,17,11,11,13,11,11,11,11,11,12,23,21,11,11,11,11,11,11,11,11,11,11,19,20,22,18,16,23,62,13,33,15,19,16,26
9.25,13,22,15,11,11,14,11,11,11,11,34,23,11,11,11,11,11,11,11,34,11,11,15,19,13,11,11,38,11,11,33,11,41,13,13,16,15,11,11,11,15,12,11,11,11,11,18,13,15,11,11,11,11,11,11,11,11,11,11,20,13,14,11,11,12,11,11,11,11,11,15,19,16,11,11,14,11,11,13,11,15,12,14,22,23,22,18,17,19,61,11,32,12,22,15,23
9.5,17,23,16,11,11,11,11,13,11,11,36,19,11,11,11,11,11,11,11,36,11,11,12,19,16,11,11,39,11,11,35,11,43,16,12,17,14,11,11,11,14,11,11,11,11,11,17,18,11,11,11,11,11,11,11,11,11,13,11,17,12,16,11,11,13,11,11,13,11,11,11,17,21,11,11,12,11,11,18,11,11,12,12,26,22,19,16,12,21,60,11,37,11,17,20,25
9.75,23,25,18,11,11,18,11,12,11,11,40,19,11,11,11,11,11,11,11,35,11,11,16,21,14,11,11,50,11,11,45,13,48,18,12,18,16,12,11,11,14,12,11,11,11,11,27,20,14,11,11,11,11,11,11,11,11,21,11,21,16,20,11,11,18,11,11,11,11,11,19,25,23,17,11,13,11,11,21,17,15,15,14,25,27,25,22,12,26,63,11,36,20,21,20,29
10,22,24,19,11,11,21,11,11,11,11,46,20,11,11,11,11,11,11,11,36,11,11,19,17,17,11,11,41,11,11,47,16,56,22,13,14,11,11,11,11,13,11,11,11,11,11,22,20,11,11,11,11,11,11,11,11,11,22,11,20,18,13,11,11,12,11,11,11,11,11,15,24,21,14,11,11,11,11,13,18,14,13,14,27,27,18,20,13,24,64,11,38,13,23,17,24
10.25,19,24,18,11,13,25,11,16,11,11,52,21,11,12,11,11,11,11,11,40,11,11,23,21,19,11,11,46,11,11,58,20,69,21,13,18,15,11,11,11,17,15,11,11,13,11,33,22,13,11,14,11,13,11,11,14,18,23,11,18,20,21,11,11,22,11,11,13,11,11,19,25,22,19,11,17,13,11,20,17,14,17,17,29,30,18,20,16,30,67,11,43,14,28,20,29
10.5,21,25,24,11,11,24,11,14,11,11,52,23,11,11,11,11,11,11,11,39,11,13,19,21,22,11,11,46,11,11,63,19,77,20,13,19,16,11,11,11,17,13,11,11,11,11,31,19,14,14,11,11,12,11,11,11,12,22,11,19,20,20,11,11,15,11,11,12,11,11,15,23,22,12,11,12,16,17,17,14,20,13,13,29,27,23,19,13,28,65,11,39,11,25,15,31
10.75,21,26,23,11,15,24,11,17,11,11,58,24,11,13,11,11,11,11,11,39,11,11,23,24,17,11,11,46,11,11,76,17,86,24,15,21,15,11,11,11,16,16,11,11,12,11,28,23,12,11,11,11,12,11,11,14,11,15,11,25,19,23,12,11,18,11,11,11,11,13,18,27,26,14,13,15,16,11,22,17,17,17,11,30,31,23,22,13,32,67,11,44,16,28,17,28
11,25,25,27,11,14,27,11,17,11,11,60,23,11,13,11,11,11,11,11,41,11,11,19,22,20,11,11,48,11,11,85,16,95,25,18,21,20,16,11,11,15,20,11,15,14,13,30,21,14,12,13,11,12,11,11,13,13,22,11,30,19,19,11,11,20,12,11,12,11,13,23,25,24,15,11,15,11,12,28,18,20,17,11,29,32,24,22,13,34,68,11,42,14,25,24,29
11.25,25,26,24,11,14,27,11,16,11,11,68,24,12,12,11,11,11,11,13,40,11,11,18,25,20,11,11,48,11,15,94,20,106,29,14,20,13,15,11,11,20,17,11,11,11,11,31,24,18,12,13,11,16,11,11,12,15,21,11,28,22,22,11,11,20,11,11,11,11,11,16,29,22,16,14,14,15,12,32,15,24,13,15,31,29,29,29,12,33,67,11,47,15,28,19,26
11.5,22,29,22,11,15,30,11,20,11,16,75,25,11,15,11,11,11,11,11,42,11,15,23,25,26,11,11,52,11,13,105,22,115,31,13,25,16,15,11,11,13,17,11,17,11,12,33,28,13,14,13,11,16,11,11,15,11,21,11,27,19,21,11,11,19,11,11,12,11,11,16,29,28,18,11,15,11,11,27,13,17,16,11,33,32,25,24,16,28,67,11,48,14,24,21,31
11.75,30,34,29,15,15,30,11,19,11,17,78,25,11,14,15,11,11,11,11,42,11,13,24,23,20,11,11,49,11,12,115,18,124,27,18,26,17,11,15,11,17,20,11,12,14,16,35,28,17,18,11,11,15,11,11,13,16,22,11,30,23,26,11,11,21,11,11,11,13,11,17,30,31,18,19,19,15,11,26,17,17,18,14,30,33,24,24,12,34,69,11,56,12,27,20,32
12,25,33,29,12,17,30,11,15,11,17,87,27,11,18,16,11,11,11,11,44,11,14,22,26,25,11,11,53,11,13,128,21,136,31,17,26,19,15,11,11,19,21,11,11,12,13,33,28,15,16,12,11,13,11,11,14,17,20,11,27,21,26,14,11,19,11,11,12,11,11,18,30,23,18,16,17,14,12,26,23,22,18,14,35,37,27,20,14,37,72,11,55,16,27,19,28
12.25,29,31,30,14,21,35,12,25,11,18,91,30,11,18,14,11,11,11,13,45,15,15,25,24,21,11,11,50,11,11,142,23,149,30,18,25,19,16,14,11,18,20,11,17,13,13,37,29,12,18,13,11,15,11,11,18,15,24,12,30,22,24,12,11,20,11,11,12,13,13,18,33,26,18,15,21,16,15,29,17,22,19,13,35,34,28,27,13,36,74,12,57,13,33,22,36
12.5,34,26,34,17,23,33,13,23,11,18,101,30,11,14,15,12,11,12,11,45,13,14,27,28,23,11,11,51,11,11,155,20,160,33,21,26,20,13,14,13,18,19,11,15,14,13,42,30,17,14,16,11,16,11,11,16,15,26,13,29,22,26,12,11,23,11,11,13,11,11,21,31,30,19,14,19,14,16,30,22,26,17,11,39,34,30,25,19,38,75,14,58,21,24,23,33
12.75,33,29,34,15,18,32,12,26,11,23,105,28,11,17,16,11,12,14,11,49,16,15,28,28,26,11,12,54,11,14,165,21,171,37,18,27,23,16,14,11,18,19,11,17,14,16,39,30,19,18,13,11,15,11,11,16,17,25,11,30,30,26,15,11,25,11,11,15,13,13,17,38,29,18,18,19,14,15,30,25,26,25,15,36,34,27,28,21,42,73,11,60,15,30,25,38
13,34,36,37,15,23,39,12,22,12,19,112,32,11,20,15,11,11,16,15,49,14,15,27,30,25,11,13,53,11,12,173,23,184,35,25,31,20,12,17,11,19,24,11,16,18,17,40,30,20,16,16,11,16,11,11,13,20,25,16,29,26,28,15,11,24,11,11,20,12,14,21,39,33,23,20,19,16,17,32,22,21,17,12,36,38,31,32,17,38,71,11,65,17,33,16,34
13.25,33,32,38,22,27,37,13,25,11,23,119,35,11,18,17,11,11,13,16,48,11,15,28,29,24,11,13,58,11,15,183,23,190,39,22,29,25,16,14,12,23,22,11,11,16,13,44,33,19,17,18,11,15,11,14,15,19,29,11,30,23,23,15,11,20,11,12,16,13,16,23,36,35,17,18,20,15,19,27,23,24,19,11,38,40,29,26,16,39,75,12,62,15,29,17,39
13.5,34,32,40,19,27,44,14,27,11,25,123,31,11,22,18,12,13,16,15,49,18,16,27,29,26,12,14,55,11,15,191,16,201,39,27,30,24,15,16,15,22,25,11,13,16,16,43,33,21,14,17,15,18,14,11,17,20,29,12,33,26,28,14,11,24,12,11,14,16,14,23,38,34,23,21,20,17,20,34,23,28,22,15,41,36,33,27,21,43,75,11,66,18,27,22,37
13.75,36,30,43,21,27,41,17,24,11,21,132,33,12,24,21,11,11,15,11,53,17,17,28,29,27,14,11,55,11,16,199,26,204,42,23,27,24,11,15,11,20,26,11,16,15,15,47,34,21,17,20,11,21,12,12,17,21,32,11,36,24,25,17,11,23,11,11,14,13,13,21,35,34,20,21,19,17,14,34,21,25,22,13,40,44,29,28,16,45,78,11,68,19,33,22,37
14,38,33,40,20,25,45,12,27,11,25,139,37,11,20,17,11,15,15,14,48,18,15,30,34,26,11,11,61,11,16,206,22,214,41,24,31,22,13,14,12,25,21,11,16,18,21,44,32,21,18,16,13,13,11,11,16,23,36,11,34,29,29,16,11,22,12,12,15,13,14,22,35,35,20,21,20,17,19,32,21,27,19,14,38,42,32,32,17,42,76,11,66,17,32,20,37
14.25,37,34,45,21,28,46,14,28,11,27,144,36,11,23,17,11,11,18,16,51,17,17,28,32,24,13,16,59,11,13,211,24,218,48,24,29,23,18,15,11,21,22,11,15,15,20,48,34,23,14,19,11,16,12,14,20,21,36,13,35,26,27,18,11,24,11,11,17,13,13,20,34,33,24,20,22,15,16,31,24,25,24,16,41,42,34,29,16,44,76,11,73,23,33,25,36
14.5,38,33,44,24,31,50,17,30,11,26,155,40,11,25,23,17,14,17,18,53,20,21,34,36,32,13,14,61,11,20,215,27,222,44,23,33,23,18,18,15,28,28,11,16,18,20,49,38,24,18,18,14,17,15,11,19,20,39,14,33,29,29,17,11,25,11,11,16,11,19,25,38,43,25,22,19,19,22,37,24,25,24,16,42,44,35,32,20,46,81,11,79,22,35,25,43
14.75,38,33,45,22,31,49,14,29,11,29,157,41,11,23,18,13,17,20,19,53,20,18,33,32,34,12,17,63,11,16,224,27,225,51,25,32,24,17,20,11,28,26,11,18,18,20,53,38,22,17,23,13,16,13,11,21,22,36,13,37,26,31,19,11,26,15,14,20,16,14,27,41,35,19,22,18,18,20,36,25,34,25,12,45,42,32,31,15,47,82,11,81,20,37,27,43
15,36,34,47,23,28,48,19,28,11,29,166,35,11,24,24,13,16,19,20,58,18,18,29,35,27,12,15,59,11,13,222,31,227,49,24,31,20,18,17,12,23,28,11,17,20,17,52,36,25,18,22,17,19,14,11,17,22,44,18,39,27,29,18,11,24,13,16,17,17,13,25,43,34,19,21,21,17,19,40,28,28,22,17,48,43,32,31,16,44,79,11,82,19,36,23,46
15.25,43,36,50,24,35,50,19,34,11,29,172,42,11,28,23,16,15,19,20,61,19,21,30,37,33,13,17,60,11,14,225,29,227,55,28,37,24,19,20,17,27,27,11,18,20,18,56,40,25,14,17,17,21,16,13,19,24,40,12,39,27,32,19,11,27,14,16,17,18,16,26,44,38,22,18,25,19,20,37,27,29,24,16,47,48,35,33,18,47,84,12,81,23,37,22,43
15.5,44,37,55,27,36,56,14,33,13,32,177,42,11,27,22,11,16,23,23,53,24,20,33,37,33,13,15,61,11,19,227,30,227,60,27,31,27,16,20,16,26,26,11,20,21,21,56,40,27,17,20,15,21,14,12,20,22,48,15,37,32,32,20,11,24,16,15,16,14,16,27,45,42,20,20,20,17,21,36,28,32,23,17,49,49,35,32,19,45,84,11,86,21,40,27,45
15.75,43,40,51,22,35,54,18,33,11,36,183,43,11,27,21,12,21,22,17,56,20,20,33,40,33,11,14,66,11,20,231,27,230,59,28,35,27,22,18,14,24,27,11,18,18,20,56,36,26,20,19,18,21,13,11,24,21,53,17,40,35,31,20,11,27,16,13,19,14,16,22,44,39,24,21,21,18,22,39,27,28,26,16,46,47,39,30,18,49,81,11,87,25,38,26,43
16,47,41,57,32,38,60,23,36,12,32,185,46,11,33,24,18,19,22,24,60,24,19,35,40,32,17,18,66,11,19,234,26,234,66,28,38,23,20,21,16,28,27,11,20,20,24,62,43,29,24,22,17,27,17,14,21,27,54,18,37,33,34,17,11,29,15,12,21,19,18,25,49,43,23,25,26,18,23,44,29,32,25,17,54,51,37,37,20,52,84,11,92,25,38,29,43
16.25,47,43,55,29,37,55,18,34,14,37,192,43,11,29,26,18,21,25,21,61,23,19,34,42,35,17,16,65,11,22,233,30,234,69,32,37,30,19,22,11,30,32,11,20,21,20,66,40,30,22,20,19,24,18,15,26,26,59,21,44,34,36,20,11,29,15,14,22,17,23,27,44,41,27,24,26,21,25,42,29,35,25,16,49,49,38,37,21,50,85,11,93,28,40,28,48
16.5,39,46,58,26,39,59,21,39,16,37,198,52,11,35,28,16,22,28,23,58,21,26,33,42,32,19,15,66,11,20,239,32,240,75,29,45,30,25,25,15,25,33,11,20,21,22,67,48,28,21,26,17,26,18,17,23,23,67,24,41,38,36,22,12,35,15,18,26,22,15,26,47,51,27,22,30,22,25,45,33,33,28,14,56,55,39,36,19,59,86,11,92,26,41,28,52
16.75,38,47,63,29,36,58,23,38,16,37,199,48,11,35,23,15,20,22,25,66,20,21,36,40,35,17,20,68,11,18,236,35,237,76,32,41,27,23,24,14,30,34,11,21,22,22,63,46,30,25,21,17,20,17,15,21,24,71,26,48,37,39,22,11,33,14,19,22,16,17,25,46,46,27,29,28,20,24,45,34,33,25,18,57,45,41,37,18,54,85,14,97,24,42,27,47
17,39,44,60,26,39,58,26,35,15,37,205,51,11,36,24,17,22,24,24,63,23,20,32,44,39,20,16,69,11,22,232,34,237,86,32,44,29,24,23,15,28,32,11,19,25,22,70,47,31,21,22,16,23,15,14,24,27,75,23,49,40,42,26,12,29,19,19,19,16,16,28,48,43,29,27,32,24,25,45,31,35,30,17,53,49,40,35,21,57,90,13,96,26,46,29,48
17.25,50,44,63,31,41,62,26,41,17,43,210,49,13,39,26,16,22,29,27,65,25,24,37,45,40,19,23,73,12,25,242,32,240,90,32,47,35,26,24,17,30,35,13,26,22,27,74,49,34,28,21,16,24,19,17,23,30,81,27,49,42,40,25,17,33,16,21,24,21,24,30,55,48,31,28,28,27,30,49,33,35,31,24,56,52,40,36,24,58,89,12,97,28,45,28,53
17.5,48,45,69,35,45,61,28,43,19,42,211,51,11,38,26,18,25,30,30,67,24,27,38,46,40,19,20,76,15,24,241,40,239,97,37,45,34,24,26,21,34,39,11,25,27,28,78,48,34,27,27,18,24,22,15,28,33,85,29,49,43,38,25,13,32,17,18,27,21,25,32,53,50,29,30,29,23,27,47,32,37,30,23,54,54,43,41,26,61,96,13,102,28,49,28,51
17.75,54,48,72,31,42,66,27,42,20,40,215,53,11,36,33,18,26,30,31,68,29,24,41,50,39,18,19,74,11,24,237,33,237,103,35,43,34,23,26,19,34,36,11,23,21,28,79,49,34,26,25,21,26,20,17,28,30,90,29,54,42,35,25,16,36,18,21,22,20,21,34,48,46,29,28,26,24,31,47,31,34,31,21,59,53,41,40,24,55,94,13,103,31,49,31,56
18,51,49,77,37,46,73,30,41,21,44,220,54,11,38,28,24,25,29,32,69,26,28,41,48,38,23,22,73,13,27,239,37,236,112,37,46,33,23,24,19,34,36,11,24,23,29,88,49,36,24,26,23,30,21,19,25,34,100,29,53,40,42,28,15,35,20,22,27,19,26,35,54,48,30,31,32,28,27,50,36,38,34,17,58,56,46,42,23,62,96,15,106,34,47,24,56
18.25,56,48,76,38,47,70,31,44,19,47,222,58,11,43,31,21,27,30,29,69,28,26,41,51,40,27,19,74,14,25,241,41,238,116,37,49,38,26,25,21,36,38,11,23,27,28,87,54,38,26,26,20,31,17,18,28,35,104,30,53,46,43,27,18,38,19,19,24,19,27,34,55,46,31,34,29,27,29,49,31,36,31,18,62,60,44,39,21,59,102,17,109,38,45,33,56
18.5,55,48,74,38,49,71,27,42,23,46,224,57,12,39,34,20,28,34,28,71,29,26,45,52,43,17,19,77,12,25,239,35,239,122,34,48,35,23,24,24,34,39,11,27,28,30,89,52,36,26,24,21,26,22,20,26,27,109,34,51,40,43,26,13,36,22,21,27,20,25,33,53,52,30,31,30,26,30,49,34,35,36,19,60,58,48,39,18,62,96,11,110,33,46,34,57
18.75,55,47,77,40,53,72,30,46,23,47,226,55,11,37,32,20,25,26,32,69,29,21,39,52,42,25,23,75,12,25,240,34,238,130,39,50,35,29,28,21,35,37,11,27,24,29,91,55,38,27,25,23,26,20,21,31,33,116,32,59,44,39,29,15,37,22,27,27,22,27,34,55,49,32,32,32,28,31,45,36,37,33,20,62,55,45,44,21,60,96,13,112,31,47,35,56
19,59,49,77,35,53,68,31,50,21,48,227,61,11,41,31,23,29,31,31,67,31,24,43,55,41,23,23,78,12,25,241,32,235,137,37,49,36,26,31,26,34,41,11,27,29,25,97,53,40,29,27,24,28,24,20,28,34,121,32,57,45,46,26,15,34,24,20,24,21,23,33,55,51,28,30,33,25,27,50,35,39,37,23,62,63,46,45,26,58,100,11,115,34,53,32,56
19.25,55,49,83,34,57,76,34,49,21,48,228,58,11,40,37,20,30,31,29,73,28,30,46,57,42,26,23,80,12,28,242,36,239,144,35,52,36,27,29,28,32,41,11,27,31,33,98,62,38,28,23,22,21,19,21,30,33,127,37,56,47,45,28,19,34,21,25,28,22,28,33,61,53,26,31,34,25,34,48,37,41,37,18,66,62,44,45,27,61,99,15,113,32,49,36,62
19.5,52,50,84,34,50,77,32,51,22,52,230,60,11,41,31,26,31,30,31,70,29,27,43,52,44,23,23,81,13,33,240,37,240,150,37,52,38,26,25,23,37,43,11,28,29,33,98,57,39,28,27,26,30,23,17,33,33,134,31,53,45,45,27,19,37,24,22,26,20,24,35,59,48,34,31,34,30,32,47,34,40,39,17,66,60,47,44,25,64,96,15,115,31,44,27,59
19.75,51,52,83,34,51,79,33,45,19,47,231,57,11,41,32,20,29,32,31,70,30,26,40,55,40,25,25,80,14,31,238,39,237,155,37,53,39,28,28,20,37,42,11,29,29,30,103,59,38,27,27,23,30,23,21,30,34,138,35,57,44,46,25,17,36,24,21,26,22,28,32,61,51,30,32,35,26,33,50,39,39,34,18,61,59,44,40,24,64,99,11,120,30,49,35,63
20,55,50,89,43,51,83,37,50,21,55,231,63,11,45,33,22,34,34,32,74,29,28,42,55,45,27,24,81,13,31,242,38,237,167,36,56,41,29,27,24,41,39,11,29,28,34,109,55,39,29,28,24,32,22,21,33,31,147,37,57,51,47,27,18,42,24,24,24,25,28,38,63,51,34,31,35,31,34,52,38,44,35,26,62,65,49,47,26,65,105,11,120,34,49,31,61
20.25,59,51,91,41,55,83,36,48,21,51,230,64,11,43,36,25,30,33,31,74,34,29,46,53,47,24,25,80,14,29,239,37,237,176,39,54,37,21,27,24,38,42,11,27,30,28,111,58,40,29,27,25,31,23,19,30,36,150,38,60,46,44,27,16,38,28,25,26,21,28,37,62,56,28,33,31,30,32,51,35,43,34,23,64,64,49,47,28,65,102,12,125,32,48,33,65
20.5,64,52,97,44,60,86,39,49,26,54,233,62,11,45,36,25,32,37,36,72,30,23,47,58,44,26,23,84,17,31,241,44,240,179,44,53,41,32,29,25,37,42,11,28,28,27,116,56,42,29,26,22,33,25,23,31,39,157,36,60,48,44,31,14,40,26,20,28,19,30,36,59,54,30,35,34,33,33,51,39,39,33,21,69,65,45,44,29,62,106,15,127,34,51,32,62
20.75,62,55,98,45,58,87,36,53,23,55,235,65,11,48,38,22,35,33,37,73,36,27,45,57,43,27,24,83,16,31,238,35,242,183,44,52,38,27,30,29,40,45,11,32,32,30,120,62,43,25,30,23,35,21,21,29,35,162,35,59,49,48,29,19,42,25,22,27,22,28,36,57,54,33,36,30,26,31,51,38,45,37,30,68,66,50,49,29,66,109,11,131,31,52,36,66
21,63,54,94,45,63,89,39,51,24,51,233,64,11,48,38,25,30,34,34,76,29,27,48,61,45,31,25,79,14,31,242,39,245,192,42,57,40,26,30,25,34,46,11,30,30,36,123,61,41,29,27,24,31,22,19,31,34,168,40,59,48,47,27,12,44,24,22,31,19,34,35,66,54,31,34,32,31,33,54,36,43,41,23,67,64,51,46,26,69,108,13,130,36,53,30,64
21.25,59,57,102,46,64,93,39,57,28,60,237,70,11,49,38,27,31,39,35,78,32,32,48,59,53,31,27,83,15,35,242,42,239,194,46,58,42,30,32,29,40,45,15,30,31,32,129,63,47,34,26,28,33,26,25,32,45,176,42,66,52,47,29,18,41,24,23,29,21,33,39,69,58,31,36,35,34,38,55,38,46,44,24,71,66,50,46,28,68,110,16,130,39,53,41,65
21.5,62,55,101,45,63,94,41,57,27,59,238,68,13,45,40,27,36,39,35,80,35,26,47,57,47,30,29,82,21,34,242,44,237,202,40,59,41,28,28,30,41,47,11,32,31,34,131,62,44,29,29,31,33,24,20,31,43,180,39,66,51,49,32,17,47,26,25,32,25,33,37,64,57,30,34,32,32,35,53,41,41,41,27,72,70,54,46,22,65,110,14,136,35,54,37,66
21.75,57,57,104,41,61,88,43,54,27,55,238,67,11,49,38,28,33,37,36,80,31,26,49,58,50,25,23,86,12,33,244,38,241,204,41,58,43,30,30,26,37,48,11,30,32,35,134,62,47,33,30,24,31,25,25,33,38,188,39,61,53,51,32,18,44,22,26,28,22,28,34,62,61,34,39,36,31,33,57,40,43,40,25,77,67,47,52,31,67,111,14,137,36,54,35,70
22,58,62,103,41,61,95,36,57,28,55,238,68,13,51,37,24,32,38,36,80,33,29,47,60,53,28,29,86,14,32,247,42,240,211,43,59,42,31,31,28,41,52,15,31,29,37,141,64,44,31,34,25,36,27,23,31,42,189,40,61,55,51,33,20,44,25,23,29,23,31,39,64,60,34,38,43,36,37,60,45,44,38,26,77,68,52,50,28,71,108,14,140,38,57,38,69
22.25,60,62,108,43,59,95,42,55,23,56,243,69,12,50,40,25,37,37,34,82,33,26,50,64,50,25,27,87,14,35,242,44,240,214,46,60,39,30,30,24,40,52,11,29,30,36,141,61,47,32,33,25,31,28,26,37,42,197,41,61,56,50,31,18,43,24,24,30,24,32,39,66,60,31,36,39,35,38,59,44,48,40,26,75,64,52,51,26,67,110,11,138,36,56,38,67
22.5,61,60,107,45,56,100,44,59,28,60,241,68,11,48,38,26,33,39,38,86,39,29,49,64,50,29,29,88,17,33,241,42,238,217,44,57,42,30,31,26,39,48,12,30,29,34,142,67,44,35,31,23,38,27,28,36,39,198,40,63,59,55,33,18,47,23,28,31,25,27,41,66,64,34,36,40,35,38,57,43,46,41,24,75,68,53,48,27,70,113,14,141,41,58,42,70
22.75,61,68,111,47,60,100,43,62,31,61,239,70,11,52,44,32,35,43,39,85,38,33,50,64,53,33,33,93,16,34,242,44,245,222,46,61,49,33,35,32,40,54,11,36,35,38,156,71,52,38,37,30,42,30,26,36,45,205,43,68,58,53,38,22,48,26,31,34,28,36,43,68,61,37,42,40,39,38,64,46,49,43,31,77,69,56,51,30,69,118,15,146,42,59,42,70
23,59,66,117,47,66,102,42,59,31,64,239,69,11,51,39,30,35,40,40,86,42,31,52,63,55,34,33,93,19,38,245,43,239,223,47,66,45,35,31,25,46,51,13,33,34,38,157,69,46,35,33,28,36,26,26,38,39,209,43,65,60,55,35,21,48,28,29,34,26,34,35,71,64,35,37,41,35,40,63,44,49,44,28,79,68,58,52,29,72,115,17,147,41,58,42,78
23.25,68,64,117,51,70,106,44,60,27,64,242,72,11,51,40,32,37,38,39,86,37,31,52,65,51,31,31,92,22,35,241,46,241,225,44,63,46,33,34,29,46,54,13,32,34,37,157,71,50,32,30,27,38,26,29,32,43,211,43,64,54,52,31,18,46,23,28,30,25,33,41,74,63,35,37,35,34,38,61,45,49,44,31,79,72,56,52,27,68,116,11,145,43,56,41,76
23.5,63,65,119,47,63,109,44,62,31,62,242,71,12,56,43,28,36,41,42,89,38,32,55,65,54,28,31,91,20,34,241,39,241,230,45,64,48,32,34,27,42,56,16,35,33,42,160,71,50,37,36,28,43,29,24,37,39,213,48,68,55,56,34,20,46,30,28,34,27,29,41,69,63,37,40,44,38,41,61,48,48,46,29,81,71,56,53,27,71,117,14,148,45,62,40,73
23.75,57,65,123,46,65,114,46,63,29,65,243,73,11,54,42,27,35,40,39,86,38,30,53,66,55,29,32,91,17,36,241,44,241,227,49,66,48,32,30,31,43,55,11,31,32,39,166,73,51,34,37,27,43,29,30,38,41,215,47,70,57,58,31,18,49,28,33,32,27,38,40,71,66,39,42,41,38,43,60,45,49,47,28,79,74,51,53,28,75,118,11,149,41,63,38,76
24,65,69,124,47,72,114,50,69,28,68,245,73,11,60,42,34,38,46,43,90,42,34,54,68,56,36,33,97,24,37,241,46,246,232,53,67,52,33,39,32,48,62,18,34,38,41,166,71,56,37,40,32,44,33,31,40,47,220,48,71,61,58,40,25,50,33,35,35,29,36,44,76,70,39,41,45,40,44,66,51,51,49,29,81,80,59,57,31,76,122,13,152,39,61,41,77
24.25,70,66,127,52,76,118,48,65,34,71,244,77,11,58,46,31,41,41,46,86,41,32,56,70,54,32,33,93,17,41,243,43,242,230,48,67,46,29,34,32,43,57,11,33,33,39,172,72,49,35,33,29,39,25,25,33,42,219,46,68,60,57,31,21,50,31,27,35,26,37,38,76,64,36,39,41,35,42,59,47,47,49,28,80,78,54,55,30,74,121,11,152,42,60,42,76
24.5,64,70,131,51,71,117,49,67,35,72,245,76,13,59,44,33,41,46,44,91,41,30,56,68,56,31,36,90,19,38,243,51,242,230,51,65,48,36,38,33,50,59,19,37,36,43,180,73,51,37,35,30,43,32,30,40,45,220,46,71,63,57,35,23,49,29,34,33,26,35,44,73,65,38,42,44,38,46,64,49,52,47,33,87,78,56,54,34,80,122,11,158,46,62,47,75
24.75,71,68,137,57,83,124,51,69,33,70,245,80,12,59,46,34,45,42,49,92,42,29,55,72,56,36,30,94,21,41,241,51,243,232,53,71,47,32,33,31,50,57,12,34,38,39,183,79,53,37,34,33,37,29,30,37,54,223,45,74,63,58,38,24,49,33,37,34,27,41,46,79,67,41,45,42,41,44,63,51,56,47,30,85,80,59,57,32,76,125,18,154,46,64,43,80
25,62,70,134,52,70,124,47,70,33,69,244,77,12,57,47,35,39,44,43,88,41,32,56,68,54,34,34,98,19,38,245,47,242,231,52,67,48,37,35,32,46,59,13,33,36,37,185,76,54,35,35,28,44,31,27,40,44,225,53,73,59,55,39,25,51,28,32,36,27,37,43,75,70,43,42,47,39,45,70,47,50,43,29,84,78,57,58,30,75,124,11,163,43,66,45,76
25.25,66,72,136,50,75,124,48,70,32,72,246,74,11,59,46,34,41,47,43,93,46,30,57,72,56,35,36,96,21,38,246,49,244,236,51,68,50,30,33,31,44,57,14,38,36,43,186,78,54,36,35,29,37,27,26,36,47,222,46,77,62,62,41,19,51,29,32,33,29,33,43,78,69,34,40,43,37,42,67,48,52,48,32,90,80,58,54,30,81,125,12,161,42,60,41,79
25.5,68,73,142,53,79,125,48,74,35,75,242,79,11,59,45,36,40,44,44,92,40,30,61,75,60,32,36,95,22,43,244,49,242,234,48,75,51,36,36,29,44,60,11,38,33,42,191,78,58,41,37,33,45,29,28,42,48,228,53,73,67,60,38,23,51,28,36,41,26,36,43,76,73,40,44,46,40,43,66,50,55,49,33,88,77,63,57,31,79,128,12,163,41,69,44,79
25.75,70,74,141,50,77,129,51,74,35,72,247,77,11,60,45,33,42,44,43,92,41,30,60,71,57,32,32,98,20,42,243,46,242,236,52,72,50,35,34,33,51,63,12,35,38,42,193,80,53,41,35,26,42,33,32,44,46,222,49,72,64,62,37,24,47,31,34,35,29,35,45,81,70,41,44,44,41,45,66,48,57,46,28,89,79,65,57,31,80,124,11,165,45,67,39,77
26,67,75,148,54,78,129,49,76,36,73,245,77,11,65,47,34,44,48,42,96,41,31,59,73,59,35,35,99,16,42,242,49,244,236,49,71,52,34,37,36,51,60,13,36,40,40,197,78,58,38,39,27,43,29,30,41,46,227,49,70,62,61,39,26,56,30,33,36,32,41,44,82,70,41,43,43,45,44,70,51,54,49,31,90,75,64,59,35,78,126,11,168,42,65,45,80
26.25,68,75,150,50,83,134,55,77,34,81,245,81,11,63,50,37,44,48,48,96,44,33,63,72,58,36,38,101,22,44,245,51,239,238,50,75,55,37,35,30,50,66,11,35,38,45,203,78,58,42,39,32,44,31,32,42,48,226,54,82,65,65,39,22,53,33,38,37,30,41,44,81,71,46,46,47,42,48,69,53,57,53,31,90,85,63,59,36,81,127,15,168,46,67,45,81
26.5,69,78,151,54,85,138,55,79,36,75,247,81,15,66,50,36,42,49,46,95,47,33,63,75,62,34,42,97,20,43,241,51,244,237,52,71,52,38,36,35,54,66,14,41,36,44,201,80,59,41,40,35,45,34,31,42,50,229,52,76,66,65,39,25,54,34,37,39,30,38,43,86,73,41,45,48,45,50,70,54,58,52,35,95,80,62,59,34,80,129,13,171,48,69,44,81
26.75,72,76,156,55,81,141,52,78,37,79,246,81,13,64,49,37,44,49,48,92,49,32,63,78,63,33,36,103,21,42,242,55,244,233,56,74,55,39,38,35,55,66,14,37,39,44,208,83,58,42,42,30,39,32,33,42,50,230,51,77,66,67,38,25,56,35,34,39,28,42,44,77,72,44,48,48,43,46,74,59,57,52,33,94,83,62,63,33,79,128,13,172,47,69,45,84
27,73,75,155,57,86,146,59,82,34,84,245,84,11,63,50,38,46,52,49,95,45,37,61,78,60,37,37,100,21,41,246,50,244,238,57,75,53,34,38,35,54,68,12,38,40,45,208,79,60,43,38,32,45,36,31,42,49,228,54,81,66,68,39,27,57,35,35,33,33,40,49,83,72,39,47,46,45,51,70,53,59,54,31,94,84,61,61,37,85,137,18,174,47,70,48,86
27.25,73,76,160,56,85,148,59,84,38,81,246,81,11,66,51,37,46,49,50,99,45,31,68,77,62,34,40,100,22,44,245,52,242,237,51,72,58,37,35,38,55,71,15,38,39,44,212,82,61,39,38,36,44,32,31,43,47,230,52,78,65,67,38,23,52,33,35,38,31,43,47,93,74,41,49,48,44,51,66,52,61,53,29,93,85,63,60,34,82,135,14,176,49,69,50,85
27.5,74,76,158,59,87,149,56,80,37,81,247,84,11,69,50,36,45,52,47,99,44,30,66,77,57,35,38,99,21,42,240,52,239,240,53,75,57,40,39,38,55,64,13,37,40,43,214,85,59,39,44,30,44,31,32,44,52,230,56,80,66,65,40,26,59,35,35,39,30,38,45,86,71,47,47,47,44,51,73,56,55,53,33,96,84,65,59,34,83,127,14,176,48,66,44,87
27.75,76,78,166,62,94,154,57,82,38,86,246,85,11,67,50,41,51,45,52,98,46,36,69,80,58,39,39,104,24,42,242,56,242,238,59,80,60,35,40,37,54,64,14,38,42,42,215,85,62,43,38,32,44,35,27,45,52,231,54,88,64,66,37,24,56,36,34,39,28,44,47,89,68,43,48,41,44,45,71,56,56,55,31,100,85,61,61,34,81,134,22,177,54,64,45,84
28,70,79,169,55,89,154,58,86,37,86,247,84,11,68,49,42,46,53,50,101,44,33,66,80,62,35,41,101,20,46,244,57,243,235,56,79,56,41,37,37,53,71,12,37,39,42,220,86,65,44,40,29,48,35,36,46,52,232,55,82,65,68,38,28,55,37,39,34,30,45,48,88,76,47,50,46,47,51,76,56,58,56,31,100,86,65,61,35,86,139,16,180,52,69,50,90
28.25,70,84,173,57,93,157,64,87,39,88,250,86,11,71,52,39,46,51,52,99,46,36,64,79,67,40,41,104,23,47,245,56,245,239,57,79,57,40,40,35,55,70,13,42,43,47,219,86,66,46,41,35,48,33,33,46,49,232,54,82,67,72,41,28,59,35,36,35,31,46,51,87,72,41,48,51,46,53,72,57,56,53,35,101,85,67,63,36,82,138,15,178,53,73,48,90
28.5,77,77,177,59,92,161,59,90,38,92,249,87,13,69,48,42,46,55,52,99,48,34,67,79,65,37,40,106,21,46,246,54,245,235,58,79,56,40,39,36,57,72,13,39,42,46,222,90,63,47,40,31,43,33,34,44,51,233,56,83,68,68,42,27,55,37,35,38,30,44,51,88,75,46,48,50,50,53,72,56,59,56,37,105,80,65,64,34,87,139,18,186,52,70,48,86
28.75,75,80,177,57,93,165,61,91,41,89,248,90,11,68,54,41,49,55,52,101,50,34,67,83,63,37,39,106,24,45,241,54,243,239,61,83,54,39,38,38,57,71,17,39,40,45,224,89,61,47,42,33,46,38,34,44,54,232,60,83,71,71,42,25,57,39,41,36,35,44,46,90,77,48,49,50,48,51,75,61,65,56,37,103,88,69,65,39,82,139,19,182,53,70,47,93
29,80,79,177,62,104,168,61,92,37,97,246,88,13,70,51,40,52,57,53,104,51,35,69,85,66,42,38,106,24,45,242,56,240,237,57,84,57,38,39,39,56,72,15,39,40,43,223,91,60,41,36,32,45,35,35,43,54,231,57,93,70,66,37,27,56,37,38,37,30,46,49,94,73,44,49,45,43,49,71,52,59,53,31,105,89,63,63,35,85,135,17,186,54,70,48,88
29.25,75,87,182,61,97,167,60,99,41,94,247,90,11,74,54,41,49,55,51,105,48,35,67,85,63,35,39,109,22,46,243,57,246,238,57,82,58,42,40,35,58,74,15,38,43,48,225,89,65,43,40,34,49,35,33,41,57,229,53,91,73,73,42,26,62,37,42,40,33,45,48,94,79,48,52,50,47,50,76,63,64,59,36,100,89,67,63,38,86,135,17,188,54,74,47,91
29.5,85,83,185,68,100,175,66,93,44,98,247,91,14,70,54,41,55,51,52,99,51,38,69,88,64,43,41,109,27,46,243,54,242,239,63,85,58,42,39,37,62,72,11,42,44,43,229,95,61,43,41,36,50,35,34,43,56,231,59,94,72,69,42,28,60,38,31,39,32,46,49,95,79,47,53,42,44,49,74,57,59,58,36,105,93,65,62,33,82,143,19,187,56,70,48,92
29.75,81,85,189,65,104,178,64,97,41,97,248,90,13,76,54,42,53,56,51,101,52,35,72,89,65,41,41,109,27,45,240,56,241,235,62,83,60,38,42,37,62,74,16,41,45,50,230,92,67,47,40,37,45,34,33,44,53,229,61,94,69,70,46,31,59,35,37,42,27,46,49,94,74,47,50,47,46,53,75,59,58,55,33,105,87,69,64,35,84,140,17,188,55,72,55,97
30,85,83,192,64,111,178,64,98,43,102,247,93,12,75,56,42,52,58,54,103,47,36,66,91,65,39,42,110,25,48,241,58,243,242,62,87,59,42,41,38,62,78,16,38,46,49,228,97,65,45,39,34,52,38,33,46,57,230,58,92,68,69,42,30,59,36,36,41,34,45,55,98,75,41,51,47,47,50,78,59,64,58,34,110,84,67,62,35,84,138,17,191,53,76,49,94
30.25,85,88,196,67,103,181,60,98,41,103,248,95,13,73,55,42,55,54,54,101,48,35,72,90,64,41,43,107,27,48,241,58,242,240,59,85,58,39,42,41,60,76,11,43,42,43,230,94,67,42,38,37,50,33,35,42,58,229,58,89,70,69,42,29,63,42,37,37,33,44,54,94,77,48,49,50,47,47,70,56,64,61,34,111,88,64,66,38,83,141,17,192,55,72,53,95
30.5,82,88,197,69,108,187,68,100,41,100,248,95,12,81,59,46,53,59,53,104,52,29,71,91,68,42,47,109,24,50,243,58,245,240,63,85,58,41,40,37,64,77,14,43,42,48,234,91,66,46,43,32,48,35,36,43,56,232,60,94,71,72,39,28,63,40,38,40,34,47,53,97,76,47,52,47,51,53,70,64,64,59,35,111,93,68,62,36,87,144,19,192,58,72,52,94
30.75,84,87,202,70,111,187,65,102,44,101,248,98,16,79,60,47,57,58,60,102,49,36,71,92,68,41,44,111,26,48,244,59,242,237,62,88,61,37,39,38,68,78,16,43,46,48,232,95,66,46,44,35,50,36,33,48,56,229,63,100,71,79,45,28,59,41,38,36,35,49,54,105,78,46,52,48,52,52,75,62,62,59,37,116,91,66,67,37,87,142,18,199,54,75,54,99
31,86,88,205,69,115,190,67,107,44,105,252,96,14,77,56,45,60,56,55,103,50,37,76,89,64,39,41,112,27,49,241,65,239,237,63,87,57,39,43,43,63,73,12,43,43,49,232,102,67,47,46,37,54,38,35,45,57,233,62,100,73,75,44,28,64,44,36,41,34,51,58,99,76,47,51,48,48,54,77,60,66,62,34,115,90,71,63,42,90,150,16,197,56,73,51,97
31.25,90,91,204,72,115,192,73,103,45,103,251,102,13,77,55,44,58,57,56,104,53,34,82,96,67,40,44,112,28,51,242,62,243,238,63,86,66,40,42,45,66,79,15,44,46,49,233,97,71,47,46,36,54,37,36,45,61,232,65,97,71,78,46,31,62,46,41,40,32,50,53,99,78,51,51,48,56,56,77,66,67,59,40,117,92,69,70,40,90,146,19,203,53,80,51,98
31.5,85,90,209,76,114,197,68,107,45,109,246,96,11,78,61,44,56,62,56,104,57,35,73,96,68,41,43,114,29,47,246,64,245,236,66,90,63,44,43,43,67,81,14,44,47,48,236,100,70,51,43,37,50,40,36,49,61,233,64,103,74,72,44,27,64,42,37,39,37,54,57,106,77,48,52,46,50,51,77,64,64,58,36,117,89,71,69,40,87,146,18,200,56,73,57,101
31.75,90,92,211,73,117,203,74,110,47,109,252,103,17,81,61,47,63,62,56,106,56,40,80,96,68,43,47,116,27,56,244,67,244,245,70,91,67,43,44,43,69,86,18,49,47,53,238,103,75,51,43,39,56,40,39,47,62,233,69,103,76,81,48,33,65,46,43,43,37,54,65,104,82,51,55,50,51,58,77,67,68,68,40,126,96,72,71,42,94,149,22,203,63,81,57,103
32,88,90,213,76,123,200,75,112,48,115,254,100,15,80,62,49,59,62,60,109,56,36,80,96,70,44,47,114,28,56,244,67,245,241,66,94,64,45,45,44,72,83,15,47,45,54,237,107,71,49,44,37,54,39,41,47,61,234,68,103,75,82,45,31,71,49,41,42,36,50,58,105,80,47,53,49,54,56,80,65,70,66,37,127,95,69,71,44,88,150,22,200,64,78,58,105
32.25,90,94,216,76,122,204,74,116,46,112,250,102,13,83,61,48,60,60,60,112,56,39,79,96,74,46,43,119,29,53,247,63,241,241,70,92,65,46,46,49,67,83,16,47,52,54,236,104,74,50,43,41,51,36,37,52,61,234,70,102,79,80,48,33,62,47,43,44,34,55,58,104,81,49,54,54,48,56,82,66,68,68,40,125,94,67,71,44,93,148,22,204,62,79,57,104
32.5,91,96,218,77,127,207,73,115,51,116,252,100,15,80,63,51,59,64,57,105,56,36,83,99,74,44,45,117,30,53,242,70,243,236,68,97,62,44,42,44,68,85,15,46,51,51,236,104,70,52,45,41,58,40,36,51,63,234,69,109,78,82,46,30,68,51,43,48,36,50,57,106,82,48,54,53,58,57,79,66,70,66,42,125,97,76,69,41,91,148,16,202,64,80,57,99
32.75,92,97,222,75,130,207,78,119,50,113,251,105,16,84,64,51,59,62,62,111,59,40,82,98,73,45,50,121,30,55,247,67,243,238,69,92,70,41,45,42,74,89,20,46,52,56,236,107,76,46,43,36,57,42,38,49,64,234,68,107,78,81,47,32,66,47,45,45,39,51,63,108,82,51,54,49,56,57,82,68,69,69,44,129,98,74,66,43,92,150,21,204,63,81,58,107
33,94,96,224,75,128,210,78,121,51,116,249,102,13,85,63,51,59,64,61,111,51,40,83,101,73,46,47,119,30,53,243,69,244,240,66,95,66,44,46,44,72,89,13,46,50,52,239,107,76,51,41,38,56,36,39,51,65,233,70,106,78,82,50,33,68,51,41,48,38,53,60,110,82,49,55,54,51,60,82,67,73,67,40,131,95,72,66,47,96,154,28,204,62,83,60,108
33.25,94,95,222,77,131,215,75,120,49,118,251,108,15,85,64,53,66,67,62,113,60,38,85,107,73,45,48,117,34,55,242,72,244,242,68,96,68,44,47,48,78,93,17,48,53,56,237,109,73,53,47,39,59,40,39,51,66,235,70,106,81,81,51,40,72,50,48,44,36,57,58,107,87,52,54,54,57,56,85,67,70,68,42,130,102,75,76,44,91,151,24,208,64,84,61,109
33.5,97,98,225,78,131,217,80,125,49,124,250,110,12,86,63,49,64,66,61,109,62,36,81,100,73,46,49,122,29,57,245,70,243,238,73,95,69,42,47,44,74,90,16,49,52,52,238,107,76,53,44,40,58,44,43,53,66,235,72,107,82,81,44,35,70,54,41,40,39,56,59,112,86,50,59,53,55,60,84,71,73,70,41,137,94,73,72,42,91,154,23,208,64,79,64,106
33.75,96,98,226,79,138,218,79,132,47,125,253,107,14,85,65,52,65,68,62,113,62,39,86,106,75,47,56,120,34,57,245,75,242,241,71,101,66,45,48,48,77,90,18,52,54,55,240,110,74,52,45,45,59,42,40,54,64,235,77,106,80,88,46,33,71,54,46,48,41,60,62,109,83,54,54,56,58,58,81,73,72,70,44,137,99,77,75,48,93,154,24,209,70,84,62,109
34,93,98,230,79,134,221,81,126,52,121,248,105,18,85,66,52,64,65,65,110,60,40,83,103,77,44,49,121,30,56,244,69,244,242,74,100,67,48,44,46,77,92,15,45,50,56,237,109,75,52,43,43,61,42,41,55,64,235,74,106,80,90,47,36,72,48,49,44,39,55,62,111,89,55,56,56,57,60,86,70,73,72,39,136,101,78,71,43,96,153,21,209,66,83,64,108
34.25,94,96,230,81,138,221,79,130,51,122,251,106,16,88,67,52,66,69,65,113,63,39,86,108,76,46,52,120,33,56,246,72,247,241,70,97,67,44,48,48,79,93,19,49,50,57,243,109,79,51,48,42,61,41,41,54,65,233,72,109,84,91,45,35,71,51,46,43,34,59,64,113,85,57,54,57,57,59,89,72,71,70,43,139,96,76,74,48,97,155,23,212,69,87,62,115
34.5,97,98,235,80,139,224,79,130,50,123,251,107,16,85,69,53,65,67,63,109,62,42,87,108,71,49,50,123,29,58,247,76,245,242,71,100,70,48,49,46,77,93,14,48,55,56,238,115,77,57,46,41,57,45,40,55,67,236,73,114,82,87,49,41,77,51,44,46,38,58,64,113,89,50,59,57,58,59,90,72,76,72,43,144,99,78,74,44,96,155,26,212,64,85,62,112
34.75,95,99,235,82,149,227,84,135,56,124,252,107,16,86,67,54,67,69,64,111,59,42,89,107,77,45,49,123,33,60,246,76,244,244,73,104,68,46,50,46,79,94,20,51,54,61,237,115,76,52,51,44,61,41,43,55,67,234,73,110,86,90,53,37,70,55,47,45,37,59,62,113,88,52,56,54,59,63,85,69,79,75,44,143,98,77,72,46,95,159,24,214,66,85,64,114
35,98,103,236,85,146,229,83,136,56,128,250,108,17,90,67,53,68,69,66,111,64,39,89,107,76,48,49,125,33,60,243,80,246,243,75,101,71,51,50,49,83,101,16,55,56,58,243,112,77,56,46,44,61,43,41,54,63,239,73,116,82,90,48,35,74,55,45,48,39,56,64,118,88,51,60,53,59,62,87,76,78,71,49,147,102,76,73,47,97,155,23,214,71,85,62,112
35.25,100,102,236,82,147,230,80,139,52,127,249,109,16,93,70,59,68,69,63,112,63,39,93,108,75,49,52,127,33,61,243,78,241,240,76,107,68,49,49,48,81,97,15,50,56,58,239,115,81,55,47,41,64,40,39,54,71,235,74,115,83,93,50,36,78,57,49,48,42,60,62,117,90,54,58,53,56,64,90,76,79,75,47,148,99,80,75,44,99,158,30,220,67,86,64,115
35.5,101,103,241,86,147,233,87,144,55,132,253,111,15,93,69,57,73,72,67,117,66,40,91,110,77,51,53,127,37,62,246,79,246,239,73,106,70,46,47,54,83,97,16,53,58,58,238,118,77,56,50,47,62,48,40,54,65,236,79,113,82,91,52,38,78,55,49,51,41,61,67,119,93,58,64,57,59,62,93,81,78,77,50,151,101,78,76,49,97,158,28,214,72,88,66,117
35.75,99,101,239,84,152,233,85,144,53,132,253,111,18,89,65,54,68,75,67,115,64,42,93,113,74,45,53,126,37,57,243,80,244,244,75,102,68,48,50,50,85,101,15,51,53,57,238,119,79,56,47,42,69,47,40,59,68,236,79,116,84,94,53,38,78,57,48,47,41,60,68,115,90,56,62,57,60,61,90,77,81,75,47,148,96,79,72,43,98,158,25,218,71,86,66,119
36,101,105,243,84,154,234,90,144,58,130,250,114,18,88,68,56,69,75,64,116,64,42,95,113,80,49,54,130,35,57,247,79,245,243,74,104,75,52,51,50,86,104,16,54,59,60,241,120,79,56,46,44,66,45,38,60,72,235,78,115,87,96,53,43,77,58,48,48,40,59,69,121,88,57,58,59,57,65,90,79,80,76,45,151,104,77,77,49,95,160,27,220,71,88,66,118
36.25,102,104,242,84,155,237,88,146,53,134,255,111,14,96,69,60,71,72,63,115,66,44,96,112,78,52,56,124,35,59,244,85,246,241,76,107,72,50,50,47,86,103,19,54,56,59,244,119,82,54,48,41,71,41,43,59,68,238,78,116,84,98,48,36,81,56,48,49,39,63,70,120,88,57,59,56,60,66,92,77,83,75,45,154,104,82,77,50,98,162,30,223,75,90,64,116
36.5,102,104,242,83,158,240,89,149,55,130,250,111,14,92,68,56,73,73,68,117,67,42,93,110,80,49,54,130,33,60,244,85,245,242,75,110,70,51,52,47,87,104,18,52,59,59,241,120,81,54,50,44,68,43,44,60,69,235,80,121,85,95,55,37,80,58,47,51,39,63,66,120,91,55,59,57,60,67,95,79,81,75,50,159,102,81,76,49,102,161,32,223,68,90,66,121
36.75,99,105,245,86,161,237,87,150,57,134,255,114,16,90,76,57,72,77,69,119,69,43,101,118,77,51,52,127,33,65,245,85,246,244,78,108,73,52,52,51,93,107,17,57,58,63,241,120,80,56,49,46,66,43,42,55,69,235,79,116,86,94,52,40,78,62,51,53,44,63,66,119,95,56,63,57,63,68,94,83,80,75,52,161,103,84,78,46,99,158,30,220,71,86,64,122
37,100,106,248,93,170,243,92,156,61,138,254,116,22,96,73,61,73,75,67,117,69,43,98,113,83,51,56,126,33,65,249,83,245,243,79,110,74,51,51,50,91,108,20,57,60,63,240,120,80,59,49,45,67,47,40,58,72,237,80,119,89,97,54,40,80,60,52,49,42,61,70,121,93,57,59,57,61,66,93,84,83,79,47,163,105,80,81,52,101,160,25,223,70,90,69,124
37.25,100,110,247,88,167,239,92,152,55,138,251,117,19,97,78,59,68,78,69,118,70,43,96,115,82,54,55,126,33,62,245,83,245,239,74,110,78,52,50,53,90,108,16,57,62,64,239,121,83,60,50,40,70,47,46,59,72,236,83,120,90,98,56,40,86,60,50,47,40,62,71,124,94,62,65,59,64,68,93,83,84,82,50,159,101,85,75,48,104,161,31,223,72,90,65,123
37.5,105,109,246,90,168,244,87,155,54,137,252,117,14,99,69,61,73,76,68,118,67,43,97,119,79,51,60,132,34,62,243,86,245,239,81,112,75,47,53,55,93,110,16,57,61,67,241,118,83,53,53,44,69,45,49,60,74,238,79,123,90,98,54,39,79,59,52,48,43,65,71,125,92,56,66,61,63,70,94,84,85,77,50,164,106,82,77,50,101,162,29,221,72,89,67,123
37.75,104,104,248,93,173,247,92,161,54,140,252,123,18,94,74,62,71,76,66,119,70,43,101,118,81,57,59,129,35,62,247,84,243,241,83,111,74,52,52,50,93,107,16,56,59,67,242,121,84,58,52,46,73,48,44,57,74,236,84,117,90,101,55,39,83,63,48,53,39,64,70,126,94,63,61,56,64,68,93,87,84,78,50,169,102,82,79,49,102,162,30,224,73,93,70,128
38,104,109,248,92,171,243,92,159,57,145,252,118,19,98,77,64,75,77,71,123,68,46,99,119,82,57,58,132,38,63,247,92,249,244,78,112,76,54,54,56,97,110,18,58,62,67,241,125,84,61,51,47,75,44,49,59,73,238,84,121,92,100,54,40,81,61,50,53,43,66,71,126,96,59,61,61,66,68,94,87,83,83,47,173,109,83,82,52,101,163,31,224,73,90,68,132
38.25,103,107,247,91,170,244,95,161,58,144,249,117,18,96,74,59,72,80,69,118,66,44,103,119,85,53,56,130,39,65,246,89,243,240,78,115,71,45,54,51,97,109,15,52,57,65,240,122,82,58,52,42,67,47,39,57,73,237,82,121,90,101,59,39,86,59,47,54,40,63,70,125,93,62,62,62,61,69,96,82,89,81,49,169,101,83,78,52,100,165,34,224,77,93,68,126
38.5,101,110,252,90,176,244,92,161,57,148,252,118,18,99,77,59,73,79,73,121,69,46,102,116,81,57,59,131,31,63,247,91,245,241,78,115,81,51,53,55,100,114,17,59,60,62,239,124,88,60,47,42,72,50,43,58,76,237,87,123,93,100,55,41,84,61,49,52,46,67,70,129,94,55,64,56,65,71,90,86,91,79,51,174,108,83,77,53,105,167,31,225,75,93,71,127
38.75,106,111,249,93,179,251,95,162,58,146,254,116,19,94,78,65,75,79,70,120,71,44,102,122,82,51,61,132,37,66,245,90,245,240,80,117,78,51,51,56,97,113,18,58,61,65,239,124,86,59,53,46,78,45,45,59,76,236,85,124,95,102,59,41,88,66,51,51,45,69,71,129,93,59,59,58,63,75,96,87,88,82,53,173,104,82,78,55,102,167,37,229,73,97,72,132
39,102,110,250,92,179,249,94,167,60,146,254,119,18,95,81,61,76,80,75,121,71,43,102,122,81,53,56,134,39,64,247,93,243,239,79,111,78,49,52,53,97,117,22,59,59,69,239,126,84,61,52,45,74,47,43,62,78,236,87,126,95,107,55,38,88,66,55,53,41,68,71,130,98,60,65,59,64,69,102,89,92,85,55,178,104,79,79,53,105,165,34,226,79,96,72,131
39.25,107,113,249,96,183,249,94,168,57,145,253,120,19,96,78,64,77,79,72,122,74,44,106,120,82,54,63,136,37,64,245,96,246,240,82,114,77,49,52,56,99,119,16,57,61,64,240,130,87,61,51,47,76,51,45,61,77,236,90,122,94,104,56,42,91,68,58,50,41,69,76,130,95,60,66,58,66,73,95,91,96,84,50,179,110,88,81,57,103,170,33,229,78,93,74,130
39.5,101,113,253,88,184,251,95,172,53,143,253,115,17,97,75,60,77,82,72,121,72,42,105,120,84,50,59,135,34,67,245,101,241,241,85,118,74,47,53,54,103,113,17,56,67,66,238,132,89,59,49,46,80,48,46,58,78,236,87,127,92,104,52,40,92,67,53,52,47,68,70,131,95,61,64,59,64,69,98,83,97,83,52,184,108,85,79,59,107,164,32,228,73,97,72,130
39.75,105,112,253,94,190,250,97,171,60,149,253,121,22,98,77,63,81,79,73,122,73,47,105,123,87,57,61,130,38,68,247,100,245,241,82,116,76,51,52,55,104,114,20,59,59,69,245,131,85,60,53,47,80,47,47,61,80,238,89,126,91,106,55,41,90,70,53,53,44,69,76,133,97,62,65,58,68,72,98,87,91,87,49,184,107,86,81,53,104,168,33,225,78,104,72,133
40,104,114,252,95,188,254,99,171,57,149,251,122,18,101,79,62,79,80,75,121,73,46,106,126,86,56,62,134,38,70,245,98,244,240,83,115,76,49,56,56,108,121,20,61,67,66,241,129,86,63,54,48,79,49,51,63,78,234,93,127,92,107,59,40,91,68,56,55,44,71,75,128,95,63,67,66,72,69,98,91,93,85,53,187,106,87,82,52,109,168,31,226,81,98,76,134
40.25,103,115,249,93,190,250,99,174,60,153,249,122,22,98,81,66,73,80,74,123,71,46,111,126,86,55,59,136,33,67,246,97,246,241,84,118,76,53,54,58,104,121,20,59,67,66,243,132,84,65,56,46,83,48,46,61,81,235,90,132,95,109,58,43,91,69,56,57,45,69,78,134,98,59,69,61,69,72,103,89,94,89,56,188,105,86,80,60,105,169,33,229,78,94,73,138
40.5,108,116,254,95,195,251,100,173,62,153,253,123,23,101,81,65,80,82,75,125,75,44,111,125,88,57,57,136,40,69,245,101,246,244,84,121,78,52,56,56,108,123,22,60,65,66,241,133,86,62,54,51,85,49,43,65,81,237,87,136,94,110,58,42,92,74,51,55,45,74,76,135,98,63,67,64,65,75,106,91,95,88,59,191,109,86,85,54,104,166,35,231,84,91,73,137
40.75,108,115,251,100,194,256,98,180,62,152,255,124,19,105,82,64,79,82,78,126,77,43,109,125,88,54,64,138,38,70,245,102,247,245,84,121,80,54,56,60,107,124,18,60,62,71,241,130,87,60,53,44,81,51,47,65,80,239,89,132,97,115,56,46,93,73,54,57,42,72,75,134,96,63,68,65,67,71,102,95,97,90,57,192,108,88,80,56,108,172,34,231,80,98,73,139
41,107,116,254,99,195,251,97,180,61,156,256,122,16,100,83,64,76,81,75,129,76,45,108,128,87,56,59,135,40,64,244,102,245,242,88,123,80,54,53,58,113,125,19,63,63,71,243,131,93,62,52,50,83,47,50,67,82,241,95,131,95,112,61,45,96,75,55,55,47,75,76,138,101,63,67,60,71,75,105,96,100,82,56,196,108,84,83,58,107,176,34,232,80,99,75,139
41.25,110,117,254,96,198,257,105,184,60,159,254,123,21,106,87,65,77,86,75,126,75,49,115,129,87,58,66,137,40,68,246,103,245,241,88,124,79,57,58,60,113,127,20,62,68,68,242,132,88,60,54,48,85,49,50,69,82,239,91,130,99,109,56,42,96,73,54,57,47,74,73,141,101,64,67,63,70,74,105,95,97,89,60,197,114,91,84,59,104,168,36,233,81,94,78,142
41.5,110,121,253,104,201,253,104,183,66,157,251,125,24,105,89,69,83,84,77,127,76,45,112,135,89,58,65,138,40,70,249,109,247,240,85,121,84,59,56,61,107,129,19,63,70,73,243,135,90,64,53,48,86,48,48,64,87,238,93,136,100,114,60,44,99,79,55,55,48,73,81,139,98,65,70,63,71,73,104,95,100,90,59,199,110,90,86,55,112,174,37,231,85,101,77,144
41.75,110,120,255,99,204,255,105,186,65,159,252,127,22,101,86,68,85,86,80,130,80,47,118,132,85,60,66,141,43,74,247,110,245,240,85,125,83,57,58,62,112,135,21,64,65,72,242,135,93,60,58,51,86,57,51,64,87,238,97,138,98,115,58,45,100,77,58,56,44,79,78,142,101,66,66,65,72,78,107,95,103,92,60,202,110,93,83,59,108,173,36,233,83,99,74,147
42,109,119,251,101,206,258,106,190,64,160,254,126,20,103,86,69,84,88,82,129,77,48,117,130,91,62,67,139,41,73,244,111,245,241,87,123,81,55,58,62,112,133,21,64,70,72,242,138,92,63,56,51,88,51,49,66,87,236,98,137,99,113,61,49,104,77,56,57,49,82,80,141,101,65,71,61,72,77,103,99,100,94,59,202,110,90,83,59,104,175,39,232,83,99,76,144
42.25,111,120,253,101,207,257,107,190,65,163,254,124,25,107,86,72,83,89,76,130,75,49,114,132,89,59,67,139,40,71,245,107,246,243,88,127,80,58,54,61,114,129,21,64,69,71,238,137,93,64,53,50,86,49,49,67,83,236,100,138,99,114,62,50,102,80,58,58,47,79,78,142,101,68,70,64,72,75,102,95,102,91,58,204,112,89,89,55,111,174,41,231,85,99,79,144
42.5,114,122,258,105,211,260,107,194,67,163,251,129,24,105,86,70,86,90,77,130,79,50,119,131,89,63,66,140,42,74,244,112,244,243,91,128,84,55,56,59,116,135,21,62,72,71,243,139,92,65,57,54,90,55,53,71,88,237,98,140,99,116,58,51,105,79,61,60,46,75,82,145,101,65,73,68,75,75,110,97,104,92,62,203,109,90,92,58,110,175,40,235,87,103,79,148
42.75,110,121,255,104,209,261,105,195,64,164,254,130,20,104,87,71,83,88,82,131,81,45,117,134,89,56,68,142,41,73,244,115,246,239,90,124,84,54,58,61,118,136,20,64,69,74,244,137,94,62,53,50,89,51,46,65,84,239,95,138,101,117,59,42,106,79,55,57,47,75,78,140,102,66,69,65,71,78,107,96,97,93,58,208,116,90,84,55,109,176,41,233,85,100,79,144
43,111,120,253,102,210,258,105,193,67,161,254,129,22,103,86,69,84,87,78,129,81,46,122,132,89,62,67,138,40,72,245,114,247,240,90,128,85,52,60,60,118,137,18,65,74,73,241,136,95,64,57,51,91,55,48,63,85,238,97,138,100,119,56,48,103,79,59,60,54,79,83,143,106,63,68,65,74,76,107,96,102,92,64,211,114,91,90,61,110,174,39,235,89,107,80,148
43.25,113,120,254,104,212,259,109,193,69,166,253,131,28,110,87,68,83,88,80,134,77,47,119,136,87,62,68,138,41,74,248,119,245,239,83,127,89,55,56,63,121,140,23,63,71,74,242,142,92,62,57,52,91,50,53,70,87,239,100,140,103,116,59,48,104,78,59,61,49,78,84,143,103,69,74,66,74,79,109,98,101,94,62,212,114,91,86,65,110,171,38,236,85,104,80,147
43.5,111,121,255,101,213,259,109,196,65,168,254,127,24,106,89,70,83,88,78,130,77,46,124,136,94,58,70,142,43,72,248,118,245,240,90,128,88,59,60,65,117,139,22,68,70,73,243,139,91,70,56,50,95,54,49,69,90,237,103,143,101,120,59,47,107,79,61,58,49,80,80,144,103,62,69,66,73,80,111,98,105,94,62,210,113,91,85,67,111,170,41,232,87,105,83,150
43.75,113,120,253,106,218,256,111,196,64,167,252,135,27,107,88,71,85,92,82,136,82,51,125,137,89,58,68,142,42,72,248,121,244,242,89,127,85,60,59,62,124,137,19,68,73,75,242,143,94,65,60,50,92,57,50,68,89,236,103,142,102,120,60,48,110,81,61,59,49,81,84,146,104,67,66,66,75,77,114,98,109,91,62,217,112,93,86,64,109,177,39,236,89,107,80,153
44,116,126,256,107,220,262,110,200,72,169,254,134,30,109,93,72,86,95,84,138,81,49,126,140,93,64,70,143,47,77,249,125,248,244,88,130,86,60,61,65,125,142,20,69,74,77,242,143,99,66,56,52,97,52,55,71,90,240,107,141,103,123,63,50,109,88,64,64,56,83,85,148,111,67,75,68,80,82,115,99,109,94,65,217,113,95,91,67,112,177,46,235,92,104,84,154
44.25,115,127,260,108,222,261,114,203,71,173,254,132,26,112,90,75,86,95,84,139,82,54,133,142,97,64,73,143,42,78,249,126,248,243,92,135,88,59,60,69,125,144,23,71,75,83,246,147,98,70,61,57,101,58,54,75,92,241,107,146,101,125,63,53,109,83,64,58,54,85,85,148,107,70,74,72,75,84,112,104,113,98,68,217,113,92,91,66,115,184,45,237,93,107,92,156
44.5,120,128,258,108,219,261,112,206,72,174,256,133,29,112,92,74,94,95,81,140,82,51,134,143,95,65,78,150,46,77,245,124,247,244,92,130,91,59,66,68,128,148,21,72,70,79,243,143,99,71,60,59,101,58,56,74,90,239,106,148,105,123,66,46,113,84,68,67,54,85,86,150,108,69,71,73,82,82,116,103,113,102,65,216,115,96,91,69,119,181,51,240,93,115,83,159
44.75,115,128,260,107,224,259,113,206,71,174,256,135,27,110,93,76,89,97,81,138,84,52,128,137,96,70,73,146,45,79,245,124,247,242,93,134,87,61,60,63,131,151,21,69,74,81,244,145,102,71,64,54,101,55,56,75,93,240,105,145,107,124,64,52,114,89,63,67,51,84,88,150,107,73,75,70,81,79,110,99,112,98,66,219,115,96,92,67,113,179,45,240,99,108,89,160
45,114,127,257,108,225,263,115,207,76,176,256,138,29,115,97,77,88,93,85,141,85,52,133,146,94,66,75,147,44,76,250,133,250,245,98,135,91,63,63,69,135,149,29,68,75,82,241,145,100,72,61,56,100,59,53,76,93,240,111,150,106,127,63,54,118,88,71,66,51,81,87,151,107,71,75,76,81,82,115,103,113,99,64,221,119,98,90,69,115,178,49,239,94,110,91,163
45.25,115,128,259,111,229,260,115,209,73,179,256,131,30,111,94,76,86,93,82,138,84,51,136,144,92,69,74,148,46,77,247,132,248,244,95,136,88,59,63,65,130,150,21,70,73,82,246,143,98,67,61,53,100,59,54,71,96,241,111,147,106,125,65,49,118,86,60,63,50,86,88,151,112,72,73,69,81,77,116,106,112,99,70,221,116,98,92,66,117,180,48,239,97,105,84,161
45.5,114,126,258,113,230,260,116,210,76,179,254,134,31,114,93,78,91,96,83,139,85,50,137,145,95,68,75,147,46,79,247,132,250,241,95,138,91,63,64,71,133,153,25,71,79,79,246,148,100,72,62,63,105,62,59,74,92,240,106,147,108,123,66,52,119,93,65,66,54,90,90,157,108,72,76,67,86,78,112,101,112,101,71,223,119,99,92,66,113,182,51,240,98,110,89,159
45.75,116,131,256,112,231,261,115,211,75,179,255,140,31,115,97,80,94,96,85,142,86,52,139,147,97,73,79,150,49,78,249,134,248,242,94,135,90,65,62,66,132,153,25,66,78,80,242,147,103,70,60,54,105,57,58,74,98,242,110,146,109,126,64,53,121,88,63,67,52,91,90,153,109,71,80,71,83,82,119,105,116,106,72,226,120,100,90,71,114,184,47,241,94,109,92,159
46,115,133,258,111,230,263,120,213,77,178,254,140,30,112,95,80,90,97,86,143,89,56,138,144,98,68,75,148,48,81,248,132,248,244,98,136,94,61,64,68,135,161,20,72,75,82,243,147,102,74,62,58,105,60,58,75,92,238,109,147,109,125,64,54,122,93,62,66,56,89,89,152,108,75,76,69,83,84,114,108,113,101,73,221,121,99,93,68,115,186,48,239,98,109,86,164
46.25,118,133,258,114,230,263,122,213,77,185,258,140,35,116,96,81,97,97,91,144,87,55,144,147,97,68,82,149,49,81,247,140,250,246,97,140,91,60,68,71,140,156,26,74,85,85,248,149,102,71,60,58,104,62,56,79,95,243,113,150,111,127,64,54,118,95,68,68,55,90,93,159,109,73,72,71,81,89,118,105,118,105,68,228,125,101,94,75,121,181,50,240,99,111,88,165
46.5,120,138,261,112,230,264,118,218,72,181,255,140,36,115,98,80,95,99,89,147,87,56,143,145,98,69,80,151,51,77,250,138,248,241,102,138,91,65,65,68,138,159,26,72,79,81,245,152,103,73,62,59,105,60,58,76,98,242,113,149,112,130,63,54,124,95,65,68,54,88,94,156,110,71,78,74,82,85,116,106,116,103,67,228,119,99,94,73,121,186,46,240,101,108,93,167
46.75,120,132,258,115,234,263,122,214,80,183,256,141,31,114,98,80,93,95,88,143,87,54,143,148,99,67,82,150,45,81,249,140,247,241,99,140,93,64,65,70,137,161,23,74,78,83,244,152,102,71,66,61,113,60,59,77,96,238,113,154,110,127,68,52,126,95,66,64,59,94,89,157,115,77,76,73,83,84,119,104,118,102,72,224,120,101,95,69,119,184,51,240,100,110,91,165
47,117,136,258,113,232,262,121,219,72,183,253,139,30,114,97,80,95,97,88,144,91,56,142,150,100,67,79,153,48,84,250,140,248,246,98,141,93,61,65,69,141,163,21,75,77,82,243,150,105,69,62,59,108,61,57,75,99,242,113,148,108,124,66,55,124,97,66,66,56,89,90,152,108,75,73,72,81,88,116,104,117,109,70,228,119,97,97,66,119,184,48,240,104,114,88,169
47.25,119,138,260,114,233,267,120,220,73,183,256,140,27,115,98,80,94,98,89,146,88,53,144,150,97,68,79,151,47,77,244,145,249,241,96,142,89,60,63,69,136,162,19,68,77,80,244,154,104,71,61,57,113,60,54,76,98,240,109,154,110,129,68,53,125,96,70,64,56,92,90,158,108,71,78,71,85,86,118,103,119,109,75,227,118,98,92,71,118,183,44,236,100,105,92,168
47.5,121,136,260,112,234,265,121,219,79,188,253,139,29,117,103,79,92,98,88,148,87,53,147,148,95,69,81,153,47,81,246,143,249,244,96,135,92,62,68,65,138,163,20,73,72,87,241,151,103,69,62,61,109,57,57,70,101,239,115,152,111,127,63,50,128,98,66,64,57,89,92,156,111,72,77,73,83,88,118,104,124,105,70,229,122,99,93,70,117,184,44,238,95,113,90,168
47.75,122,136,258,117,235,261,122,217,75,184,256,143,34,117,98,82,94,101,90,149,89,56,147,151,97,71,82,149,51,79,248,144,248,242,103,139,95,62,66,69,148,164,22,72,83,84,243,151,107,67,63,61,111,60,55,73,97,237,116,158,112,130,65,53,131,99,64,69,57,89,90,163,110,72,75,73,83,82,118,106,121,104,74,229,124,99,94,69,119,185,49,237,103,115,93,168